season,rank,player_id,player_name,position,predicted_auction_value,value_over_replacement,model_score,consensus_tier,avg_bid,median_bid,recent_3yr_avg,trend_slope,appearances
2026,1,1068,Christian McCaffrey,RB,77.54,75.241,49.888746093700945,S,86.66666666666667,91.0,78.0,-4.3999999999999995,6
2026,2,1033,Bijan Robinson,RB,76.21666666666668,73.91766666666668,49.58394541729002,S,80.66666666666667,79.0,80.66666666666667,-3.5,3
2026,3,2131,Ashton Jeanty,UNK,73.32000000000001,71.44000000000001,49.3,S,78.0,78.0,78.0,0.0,1
2026,4,1173,Ja'Marr Chase,WR,65.80499999999999,63.75299999999999,45.043001264954576,S,58.75,74.0,75.0,17.17142857142857,4
2026,5,1357,Saquon Barkley,RB,63.895,61.596000000000004,41.39437906010899,S,66.16666666666667,66.5,66.5,-0.10000000000000012,6
2026,6,1224,Josh Allen,QB,57.63,55.286,38.562031339699764,S,49.5,55.5,66.0,10.328571428571427,6
2026,7,1235,Justin Jefferson,WR,56.69499999999999,54.642999999999994,37.79066158161624,S,51.0,62.5,62.5,10.915254237288135,4
2026,8,1056,CeeDee Lamb,WR,53.53,51.478,36.02699037347123,S,45.0,51.0,61.0,12.615384615384615,4
2026,9,1177,Jahmyr Gibbs,RB,51.26,48.961,35.74232371232479,S,53.0,53.0,53.0,16.0,2
2026,10,1394,Tyreek Hill,WR,54.925,52.873,35.21250439024445,S,53.666666666666664,50.5,57.5,0.7733333333333333,6
2026,11,1114,Derrick Henry,RB,53.87666666666667,51.57766666666667,34.60121323543641,S,57.833333333333336,55.0,52.666666666666664,1.042857142857143,6
2026,12,1021,Amon-Ra St. Brown,WR,49.435,47.383,33.86976598503276,S,38.666666666666664,46.0,57.5,17.0,3
2026,13,1216,Jonathan Taylor,RB,49.879999999999995,47.580999999999996,32.08928514386196,S,51.25,48.5,48.5,5.115384615384615,4
2026,14,1328,Puka Nacua,WR,44.18,42.128,30.7,S,47.0,47.0,47.0,0.0,1
2026,15,1101,Davante Adams,WR,47.43142857142857,45.37942857142857,29.870585160968076,S,55.57142857142857,61.0,43.0,-4.114754098360656,7
2026,16,1001,A.J. Brown,WR,43.885000000000005,41.833000000000006,28.654624646828776,S,44.25,42.5,46.0,-0.6,4
2026,17,1028,Austin Ekeler,RB,44.365,42.066,28.52608005853134,S,49.333333333333336,66.0,40.5,3.2714285714285705,6
2026,18,1182,Jalen Hurts,QB,41.16,38.815999999999995,28.45951556562167,S,32.666666666666664,33.0,49.0,10.571428571428573,3
2026,19,1258,Lamar Jackson,QB,37.965,35.621,25.707871265415122,S,34.25,39.0,42.0,5.961538461538462,4
2026,20,1320,Patrick Mahomes,QB,37.44,35.096,25.1424092274043,S,36.166666666666664,40.5,40.0,3.61,6
2026,21,1227,Josh Jacobs,RB,38.43,36.131,24.434447620883564,S,36.166666666666664,38.5,40.0,-1.0745341614906834,6
2026,22,1521,Kyren Williams,RB,33.84,31.541000000000004,24.1,S,36.0,36.0,36.0,0.0,1
2026,23,1106,De'Von Achane,RB,29.779999999999998,27.480999999999998,22.74977540108756,S,29.0,29.0,29.0,28.0,2
2026,24,1209,Joe Burrow,QB,32.455,30.110999999999997,21.876281472228655,S,26.25,26.0,37.0,7.067796610169491,4
2026,25,1313,Nico Collins,WR,27.205,25.153,20.929448594944198,S,26.5,26.5,26.5,25.5,2
2026,26,1074,Cooper Kupp,WR,33.684761904761906,31.632761904761907,20.615905159770584,S,25.571428571428573,21.0,36.333333333333336,2.3561643835616444,7
2026,27,1380,Travis Etienne,RB,32.24,29.941000000000003,19.830417267141787,S,30.2,30.0,32.0,-1.2,5
2026,28,1003,Aaron Jones,RB,30.25333333333333,27.95433333333333,19.44266448103842,S,33.333333333333336,33.5,27.333333333333332,0.32352941176470607,6
2026,29,1210,Joe Mixon,RB,32.125238095238096,29.826238095238097,19.187950564469872,S,45.42857142857143,55.0,22.666666666666668,-10.928571428571429,7
2026,30,1233,Justin Herbert,QB,30.488333333333333,28.144333333333332,18.755066663168602,S,33.75,33.5,29.333333333333332,-10.1,4
2026,31,1132,Drake London,WR,26.89,24.838,18.660875374886537,S,22.666666666666668,12.0,29.0,12.714285714285715,3
2026,32,1381,Travis Kelce,TE,28.95,27.8475,18.484929688838708,S,36.0,38.0,24.0,-3.1923076923076925,5
2026,33,1019,Alvin Kamara,RB,32.16428571428571,29.86528571428571,18.140965155815845,S,48.714285714285715,59.0,18.0,-12.464285714285714,7
2026,34,2199,Omarion Hampton,UNK,24.44,22.560000000000002,17.85,S,26.0,26.0,26.0,0.0,1
2026,35,1145,Garrett Wilson,WR,28.39,26.338,17.700371664409793,S,21.0,6.0,31.0,5.357142857142858,3
2026,36,1312,Nick Chubb,RB,28.87619047619048,26.57719047619048,17.696775651194475,S,32.142857142857146,43.0,24.333333333333332,-1.6885245901639343,7
2026,37,1361,Stefon Diggs,WR,28.25,26.198,17.381751744402198,S,26.666666666666668,19.0,27.0,0.2360248447204967,6
2026,38,1039,Breece Hall,RB,24.43,22.131,16.834483343916222,S,25.666666666666668,25.0,26.0,-0.14285714285714285,3
2026,39,1020,Amari Cooper,WR,25.51142857142857,23.45942857142857,16.776027897233043,S,26.571428571428573,28.0,26.0,-1.6785714285714286,7
2026,40,1187,James Cook,RB,24.200000000000003,21.901000000000003,16.64803804270667,S,21.0,19.0,26.0,11.4,4
2026,41,1203,Jaylen Waddle,WR,25.20666666666667,23.15466666666667,16.223936457363056,S,21.0,21.0,27.666666666666668,3.2,4
2026,42,1090,Dalvin Cook,RB,27.299999999999997,25.000999999999998,16.106380055332515,S,62.166666666666664,72.0,1.0,-8.771428571428572,6
2026,43,1379,Tony Pollard,RB,27.625,25.326,15.836811163517686,S,14.2,3.0,32.5,5.732558139534882,5
2026,44,1109,Deebo Samuel,WR,24.700000000000003,22.648000000000003,15.730191988099019,S,18.4,12.0,28.0,4.69767441860465,5
2026,45,1257,Kyler Murray,QB,24.125,21.781,15.670893825168053,S,26.0,31.0,21.5,2.45,5
2026,46,1085,Dak Prescott,QB,21.365000000000002,19.021,14.51580250434318,S,18.8,22.0,24.5,3.0175438596491224,5
2026,47,1123,Devonta Freeman,RB,19.049999999999997,16.750999999999998,14.39537724101704,S,48.5,48.5,0.0,3.0,2
2026,48,1353,Sam LaPorta,TE,20.15,19.0475,14.390065713895481,S,20.0,21.0,20.0,8.5,3
2026,49,1186,James Conner,RB,23.090000000000003,20.791000000000004,14.341768593569915,S,17.6,13.0,26.0,3.417808219178082,5
2026,50,1038,Brandon Aiyuk,WR,21.1,19.048000000000002,14.264967105263159,S,17.0,14.0,25.0,4.500000000000001,3
2026,51,1424,Bo Nix,QB,17.975,15.631000000000002,13.814169910677673,S,18.5,18.5,18.5,13.0,2
2026,52,1243,Keenan Allen,WR,21.485,19.433,13.78410281698821,S,25.4,25.0,18.5,-1.3488372093023255,5
2026,53,1492,Jayden Daniels,QB,18.8,16.456,13.778557477678572,S,20.0,20.0,20.0,0.0,1
2026,54,1377,Todd Gurley,RB,18.6,16.301000000000002,12.540743569830546,S,47.0,47.0,0.0,-6.0,2
2026,55,1330,Rachaad White,RB,20.6,18.301000000000002,12.354641472116697,S,20.0,11.0,20.0,-1.0,3
2026,56,1529,Malik Nabers,WR,16.92,14.868000000000002,12.339967105263158,S,18.0,18.0,18.0,0.0,1
2026,57,1231,Julio Jones,WR,21.9,19.848,12.164300214591627,S,52.0,64.0,0.0,-15.8,4
2026,58,1263,Le'Veon Bell,RB,24.61,22.311,12.142392384406207,S,58.333333333333336,70.0,0.0,-26.5,3
2026,59,1141,Ezekiel Elliott,RB,22.174999999999997,19.875999999999998,11.99147723567678,S,42.25,44.5,5.0,-12.346153846153847,4
2026,60,1273,Mark Andrews,TE,20.163333333333334,19.060833333333335,11.890068416742956,S,14.0,9.0,21.333333333333332,1.75,6
2026,61,1297,Michael Thomas,WR,22.36,20.308,11.515553739156516,S,43.2,62.0,4.0,-14.743243243243247,5
2026,62,1435,Caleb Williams,QB,21.490000000000002,19.146,11.50140171408452,S,22.0,22.0,22.0,-18.0,2
2026,63,1551,Rome Odunze,WR,15.040000000000001,12.988000000000001,10.989967105263158,S,16.0,16.0,16.0,0.0,2
2026,64,1300,Mike Evans,WR,18.415714285714287,16.363714285714288,10.86047258545474,S,33.285714285714285,43.0,6.0,-7.3811475409836085,7
2026,65,1307,Najee Harris,RB,21.64,19.341,10.754443848132,S,26.0,23.5,16.0,-15.2,4
2026,66,1042,Brock Purdy,QB,14.240000000000002,11.896000000000003,10.584204037777795,S,14.0,14.0,14.0,12.0,2
2026,67,1220,Jordan Love,QB,14.150000000000002,11.806000000000003,10.438957266832528,S,14.0,14.0,14.0,11.0,2
2026,68,1012,Alex Collins,RB,12.48,10.181000000000001,10.350143633540373,S,32.0,32.0,0.0,0.0,1
2026,69,1146,George Kittle,TE,16.130000000000003,15.027500000000003,10.207196719508808,S,21.0,15.5,11.0,-0.5142857142857142,6
2026,70,1128,DK Metcalf,WR,17.69,15.638000000000002,9.956843711177687,S,18.0,14.0,14.0,-0.21929824561403508,5
2026,71,1065,Chris Olave,WR,16.75,14.698,9.91105946377322,S,12.333333333333334,1.0,18.0,2.428571428571429,3
2026,72,1564,Trey McBride,TE,12.22,11.1175,9.329548319327731,S,13.0,13.0,13.0,0.0,1
2026,73,1026,Antonio Brown,WR,19.81,17.758,9.312824240114612,S,45.333333333333336,65.0,0.0,-23.64285714285715,3
2026,74,1389,Tua Tagovailoa,QB,15.076666666666668,12.732666666666669,9.279878735303724,S,11.6,7.0,16.666666666666668,2.0675675675675675,5
2026,75,1331,Raheem Mostert,RB,14.965,12.666,9.127396000908428,S,11.25,6.5,16.0,5.7,4
2026,76,1206,Jerry Jeudy,WR,13.485,11.433,8.980862557428832,S,11.75,11.0,15.0,3.9,4
2026,77,1501,Jonathon Brooks,DEF,11.28,10.28,8.967746598639454,S,12.0,12.0,12.0,0.0,1
2026,78,1004,Aaron Rodgers,QB,13.781904761904762,11.437904761904763,8.86998162540442,S,16.428571428571427,18.0,12.333333333333334,-1.3647540983606554,7
2026,79,1111,Demaryius Thomas,WR,10.14,8.088000000000001,8.639967105263159,S,26.0,26.0,0.0,0.0,1
2026,80,1102,David Johnson,RB,19.695,17.396,8.580190925877766,S,43.75,50.5,0.0,-25.9,4
2026,81,1088,Dalton Kincaid,TE,11.626666666666665,10.524166666666666,8.575227163695715,S,11.666666666666666,15.0,11.666666666666666,7.0,3
2026,82,1050,Cam Akers,RB,13.18,10.881,8.436347508504115,S,15.0,15.0,13.0,-1.3333333333333333,2
2026,83,2214,Tetairoa McMillan,UNK,11.28,9.399999999999999,8.399999999999999,S,12.0,12.0,12.0,0.0,1
2026,84,2231,TreVeyon Henderson,UNK,11.28,9.399999999999999,8.399999999999999,S,12.0,12.0,12.0,0.0,1
2026,85,1107,DeAndre Hopkins,WR,17.84047619047619,15.788476190476189,8.304081305922937,S,30.857142857142858,5.0,3.3333333333333335,-14.035714285714283,7
2026,86,1372,Tee Higgins,WR,13.535,11.483,8.235416463100346,S,11.333333333333334,5.0,14.5,1.3571428571428574,3
2026,87,1408,Marvin Harrison Jr.,WR,16.79,14.738,8.037811341669109,S,17.0,17.0,17.0,-18.0,2
2026,88,1254,Kirk Cousins,QB,12.72,10.376000000000001,7.8588485888628545,S,8.6,9.0,15.0,2.810810810810811,5
2026,89,1064,Chris Hogan,WR,8.969999999999999,6.917999999999999,7.664967105263158,S,23.0,23.0,0.0,0.0,1
2026,90,1554,Tank Dell,WR,10.340000000000002,8.288000000000002,7.614967105263157,S,11.0,11.0,11.0,0.0,1
2026,91,1317,Odell Beckham Jr.,WR,14.71,12.658000000000001,7.5996952559940825,S,30.4,31.0,1.0,-12.391891891891893,5
2026,92,1100,Darren Waller,TE,11.190000000000001,10.087500000000002,7.569244816987676,S,12.666666666666666,10.0,10.0,1.8571428571428572,3
2026,93,1232,Justin Fields,QB,11.32,8.976,7.536249785370879,S,10.0,10.0,13.0,1.3846153846153844,3
2026,94,1130,Doug Baldwin,WR,8.58,6.5280000000000005,7.339967105263158,S,22.0,22.0,0.0,0.0,1
2026,95,1071,Clyde Edwards-Helaire,RB,18.33,16.031,7.281456820102092,S,41.0,49.0,0.0,-30.0,3
2026,96,1062,Chris Carson,RB,9.06,6.761000000000001,7.148801496480267,A,21.5,21.5,0.0,7.5,2
2026,97,2218,Travis Hunter,UNK,9.4,7.5200000000000005,7.05,A,10.0,10.0,10.0,0.0,1
2026,98,1296,Michael Pittman,WR,11.883333333333335,9.831333333333335,6.976843087556131,A,9.5,6.0,12.333333333333334,2.0,4
2026,99,1291,Melvin Gordon,RB,18.044999999999998,15.745999999999999,6.962822006653415,A,38.25,39.0,0.0,-27.5,4
2026,100,1348,Russell Wilson,QB,11.51,9.166,6.790714530935004,A,13.166666666666666,10.0,9.0,-0.03349282296650711,6
2026,101,1255,Kyle Pitts,TE,13.059999999999999,11.9575,6.5555914616414706,A,17.2,12.0,7.0,-7.3,5
2026,102,1280,Marshawn Lynch,RB,7.8,5.5009999999999994,6.450143633540373,A,20.0,20.0,0.0,0.0,1
2026,103,1364,T.J. Hockenson,TE,9.723333333333334,8.620833333333334,6.403988298287504,A,8.666666666666666,8.5,10.333333333333334,1.7428571428571427,6
2026,104,1082,D'Andre Swift,RB,13.776666666666667,11.477666666666668,6.392155717819417,A,16.6,8.0,6.666666666666667,-2.1891891891891886,5
2026,105,2140,Cameron Ward,UNK,8.46,6.580000000000001,6.375,A,9.0,9.0,9.0,0.0,1
2026,106,2206,RJ Harvey,UNK,8.46,6.580000000000001,6.375,A,9.0,9.0,9.0,0.0,1
2026,107,1478,J.J. McCarthy,QB,8.46,6.116000000000001,6.353557477678572,A,9.0,9.0,9.0,0.0,1
2026,108,1545,Rashid Shaheed,QB,8.46,6.116000000000001,6.353557477678572,A,9.0,9.0,9.0,0.0,1
2026,109,1374,Terry McLaurin,WR,10.583333333333334,8.531333333333334,6.13230141420629,A,12.8,12.0,8.333333333333334,-1.7027027027027024,5
2026,110,1108,Dede Westbrook,WR,7.02,4.968,6.039967105263158,A,18.0,18.0,0.0,0.0,1
2026,111,1384,Trevor Lawrence,QB,9.385,7.041,6.004983822473646,A,8.75,7.5,10.0,1.1,4
2026,112,1081,D.J. Moore,WR,11.106666666666667,9.054666666666668,5.943913911850843,A,14.0,12.0,6.666666666666667,-1.3770491803278686,7
2026,113,1168,Isaiah Crowell,RB,7.02,4.721,5.800143633540372,A,18.0,18.0,0.0,0.0,1
2026,114,1201,Jay Ajayi,RB,7.02,4.721,5.800143633540372,A,18.0,18.0,0.0,0.0,1
2026,115,1247,Kenneth Walker,RB,8.99,6.691000000000001,5.723440115329712,A,6.5,6.5,11.0,4.5,2
2026,116,2222,Tyler Warren,UNK,7.5200000000000005,5.640000000000001,5.7,A,8.0,8.0,8.0,0.0,1
2026,117,2226,Emeka Egbuka,UNK,7.5200000000000005,5.640000000000001,5.7,A,8.0,8.0,8.0,0.0,1
2026,118,1017,Allen Robinson,WR,8.625,6.573,5.692272055321791,A,18.25,16.0,0.0,3.3,4
2026,119,1172,J.K. Dobbins,RB,10.59,8.291,5.581048931725542,A,12.833333333333334,13.5,8.0,-3.0,6
2026,120,1005,Adam Thielen,WR,10.79,8.738,5.486908714089426,A,20.0,19.0,2.0,-6.415094339622641,5
2026,121,1288,Matthew Stafford,QB,8.887142857142857,6.543142857142858,5.485989983017264,A,9.857142857142858,9.0,8.0,0.0819672131147541,7
2026,122,1336,Rhamondre Stevenson,RB,10.075,7.776,5.4655054222859745,A,8.333333333333334,4.0,10.5,0.28571428571428586,3
2026,123,1264,Leonard Fournette,RB,13.155,10.856,5.2113921601889395,A,28.25,30.0,0.0,-19.7,4
2026,124,1140,Evan Engram,TE,9.033809523809524,7.9313095238095235,5.132378226782588,A,8.857142857142858,7.0,7.666666666666667,-0.6609589041095891,7
2026,125,1198,Javonte Williams,RB,8.411666666666667,6.112666666666668,5.041822681151849,A,8.25,7.5,8.666666666666666,1.0,4
2026,126,2178,Joshua Palmer,WR,6.580000000000001,4.528000000000002,4.914967105263157,A,7.0,7.0,7.0,0.0,1
2026,127,1229,JuJu Smith-Schuster,WR,11.5,9.448,4.871039286330321,A,21.8,14.0,1.0,-12.0,5
2026,128,1044,Bryce Young,QB,7.043333333333332,4.699333333333332,4.853057277518411,A,7.333333333333333,8.0,7.333333333333333,2.0,3
2026,129,1548,Ricky Pearsall,RB,6.580000000000001,4.281000000000001,4.675143633540372,A,7.0,7.0,7.0,0.0,1
2026,130,1117,Deshaun Watson,QB,8.325000000000001,5.981000000000002,4.670172107627867,A,7.666666666666667,7.0,8.5,-1.3714285714285714,6
2026,131,1025,Anthony Richardson,QB,9.695,7.351000000000001,4.4928575841606,A,9.5,9.5,9.5,-8.5,2
2026,132,1048,C.J. Stroud,QB,6.515000000000001,4.171000000000001,4.4768539594679115,A,6.5,6.5,6.5,4.5,2
2026,133,1208,Jimmy Graham,TE,4.68,3.5774999999999997,4.454548319327731,A,12.0,12.0,0.0,0.0,1
2026,134,1230,Julian Edelman,WR,6.319999999999999,4.268000000000001,4.415998424134247,A,15.666666666666666,16.0,0.0,-1.0,3
2026,135,1342,Robert Woods,WR,6.989999999999999,4.938000000000001,4.3447550111284645,A,15.2,17.0,0.0,0.8,5
2026,136,1063,Chris Godwin,WR,7.41,5.3580000000000005,4.329550813785851,A,9.2,9.0,6.0,-1.0675675675675675,5
2026,137,1249,Kenny Pickett,QB,5.64,3.296,4.328557477678571,A,6.0,6.0,6.0,0.0,1
2026,138,1536,Michael Penix,QB,5.64,3.296,4.328557477678571,A,6.0,6.0,6.0,0.0,1
2026,139,1470,Geno Smith,QB,5.7299999999999995,3.3859999999999997,4.042771040051666,A,6.0,6.0,6.0,2.0,2
2026,140,1087,Dallas Goedert,TE,6.35,5.2475,4.024764452375262,A,3.8,1.0,8.0,1.5405405405405406,5
2026,141,1265,LeSean McCoy,RB,15.3,13.001000000000001,4.008342916055567,A,34.5,34.5,0.0,-41.0,2
2026,142,1303,Miles Sanders,RB,8.515,6.216000000000001,3.9573774406100797,A,13.25,12.5,4.0,-5.171428571428572,4
2026,143,1027,Antonio Gibson,RB,8.08,5.781000000000001,3.8072864906832304,A,13.0,13.0,4.0,-5.7857142857142865,3
2026,144,1397,Vance McDonald,TE,3.9,2.7975,3.804548319327731,A,10.0,10.0,0.0,0.0,1
2026,145,1484,Jake Ferguson,TE,4.88,3.7775,3.7907521942914726,A,5.0,5.0,5.0,4.0,2
2026,146,1583,Xavier Worthy,RB,6.155,3.8560000000000003,3.7734300711672777,A,6.5,6.5,6.5,-1.0,2
2026,147,1194,Jared Goff,QB,7.5285714285714285,5.184571428571429,3.731371488434667,A,4.428571428571429,2.0,8.0,0.5797101449275361,7
2026,148,1127,Diontae Johnson,WR,6.95,4.8980000000000015,3.6833639740048714,A,8.0,5.0,5.0,0.22857142857142856,4
2026,149,2181,Kaleb Johnson,UNK,4.7,2.8200000000000003,3.675,A,5.0,5.0,5.0,0.0,1
2026,150,2230,Matthew Golden,UNK,4.7,2.8200000000000003,3.675,A,5.0,5.0,5.0,0.0,1
2026,151,1575,Tyrone Tracy,QB,4.7,2.3560000000000003,3.6535574776785715,A,5.0,5.0,5.0,0.0,1
2026,152,1515,Keon Coleman,WR,4.7,2.648000000000001,3.564967105263158,A,5.0,5.0,5.0,0.0,1
2026,153,1543,Rashee Rice,WR,4.7,2.648000000000001,3.564967105263158,A,5.0,5.0,5.0,0.0,1
2026,154,1115,Derrius Guice,RB,4.29,1.991,3.5251436335403725,A,11.0,11.0,0.0,0.0,1
2026,155,1359,Skyy Moore,WR,4.890000000000001,2.8380000000000014,3.3979483144747,A,3.5,3.5,6.0,5.0,2
2026,156,1365,T.Y. Hilton,WR,9.39,7.338000000000001,3.3783321836718723,A,19.0,17.0,0.0,-13.6,4
2026,157,1096,Dante Pettis,WR,3.27,1.2180000000000009,3.37039360349187,A,7.0,7.0,0.0,12.0,2
2026,158,1113,Derek Carr,QB,5.93,3.586,3.216407251521316,A,4.25,2.0,6.5,0.8,4
2026,159,1049,Calvin Ridley,WR,6.395,4.343,3.1770538319771453,A,8.6,4.0,3.5,-0.9690721649484537,5
2026,160,1110,Delanie Walker,TE,3.12,2.0175,3.154548319327731,A,8.0,8.0,0.0,0.0,1
2026,161,1221,Jordan Reed,TE,3.12,2.0175,3.154548319327731,A,8.0,8.0,0.0,0.0,1
2026,162,1105,David Njoku,TE,5.21,4.1075,3.0568750181885744,A,4.6,3.0,5.0,0.47938144329896903,5
2026,163,1248,Kenny Golladay,WR,7.62,5.568000000000001,3.016401143052062,A,12.5,3.0,0.0,-1.8857142857142857,4
2026,164,1200,Jaxon Smith-Njigba,WR,4.03,1.978000000000001,2.980710675093704,A,4.0,4.0,4.0,6.0,2
2026,165,1239,Kadarius Toney,WR,3.7600000000000002,1.708000000000001,2.8899671052631577,A,4.0,4.0,4.0,0.0,2
2026,166,1092,Dameon Pierce,RB,3.51,1.2109999999999999,2.8751436335403726,A,9.0,9.0,0.0,0.0,1
2026,167,1202,Jaylen Samuels,RB,3.51,1.2109999999999999,2.8751436335403726,A,9.0,9.0,0.0,0.0,1
2026,168,1299,Mike Davis,RB,3.51,1.2109999999999999,2.8751436335403726,A,9.0,9.0,0.0,0.0,1
2026,169,1335,Rex Burkhead,RB,3.51,1.2109999999999999,2.8751436335403726,A,9.0,9.0,0.0,0.0,1
2026,170,1147,George Pickens,WR,4.805,2.7530000000000006,2.8380171718683407,A,4.75,4.5,5.0,-0.1,4
2026,171,1326,Pierre Garcon,WR,3.12,1.068000000000001,2.789967105263158,A,8.0,8.0,0.0,0.0,1
2026,172,1284,Matt Breida,RB,3.75,1.451,2.698430071167278,A,9.5,9.5,0.0,0.5,2
2026,173,1133,Drew Brees,QB,3.76,1.416,2.6749803415163873,A,8.333333333333334,7.0,0.0,3.5,3
2026,174,1354,Samaje Perine,RB,3.7600000000000002,1.4610000000000003,2.6501436335403725,A,4.0,4.0,4.0,0.0,1
2026,175,1440,Chase Brown,RB,3.7600000000000002,1.4610000000000003,2.6501436335403725,A,4.0,4.0,4.0,0.0,1
2026,176,1502,Jordan Mason,RB,3.7600000000000002,1.4610000000000003,2.6501436335403725,A,4.0,4.0,4.0,0.0,1
2026,177,1571,Tyjae Spears,RB,3.7600000000000002,1.4610000000000003,2.6501436335403725,A,4.0,4.0,4.0,0.0,1
2026,178,1346,Royce Freeman,RB,11.58,9.281,2.642467345865166,A,26.0,26.0,0.0,-32.0,2
2026,179,1259,Lamar Miller,RB,10.62,8.321,2.598222891528156,A,24.0,24.0,0.0,-28.0,2
2026,180,1061,Chig Okonkwo,TE,2.82,1.7174999999999998,2.579548319327731,A,3.0,3.0,3.0,0.0,1
2026,181,1076,Corey Clement,RB,3.12,0.8210000000000002,2.550143633540373,A,8.0,8.0,0.0,0.0,1
2026,182,1351,Sam Darnold,QB,4.6450000000000005,2.3010000000000006,2.5333518610297032,A,3.0,2.0,5.5,0.6626506024096385,5
2026,183,1124,DeVonta Smith,WR,4.29,2.238000000000001,2.531217105263158,A,4.25,4.0,4.5,-0.1,4
2026,184,1069,Christian Watson,WR,5.909999999999999,3.858,2.530710675093704,A,6.0,6.0,6.0,-6.0,2
2026,185,1294,Michael Crabtree,WR,2.73,0.6780000000000008,2.464967105263158,A,7.0,7.0,0.0,0.0,1
2026,186,1018,Alshon Jeffery,WR,4.47,2.4180000000000006,2.4261709802268996,A,11.0,11.0,0.0,-4.0,2
2026,187,1103,David Montgomery,WR,5.84,3.7880000000000007,2.3884524278503636,A,8.6,3.0,2.0,-2.605263157894737,5
2026,188,1338,Rob Gronkowski,TE,7.35,6.2475,2.3883505804904863,A,14.0,6.0,0.0,-11.785714285714286,3
2026,189,1041,Brian Robinson,RB,4.195,1.8960000000000004,2.331832524547231,A,3.3333333333333335,1.0,4.5,3.5,3
2026,190,2170,Jaydon Blue,UNK,2.82,0.9399999999999997,2.3249999999999997,B,3.0,3.0,3.0,0.0,1
2026,191,1356,49ers D/ST,DEF,3.0250000000000004,2.0250000000000004,2.257164817638672,B,2.1666666666666665,2.0,3.5,0.37142857142857144,6
2026,192,1378,Tom Brady,QB,3.3600000000000003,1.0160000000000005,2.255822026069424,B,7.0,7.0,0.0,3.9,4
2026,193,1059,Chase Edmonds,RB,3.27,0.9710000000000001,2.2305701317690847,B,7.0,7.0,0.0,6.0,2
2026,194,1405,Zach Wilson,QB,2.34,-0.0040000000000000036,2.2285574776785713,B,6.0,6.0,0.0,0.0,1
2026,195,1176,Jahan Dotson,WR,2.82,0.7680000000000007,2.214967105263158,B,3.0,3.0,3.0,0.0,1
2026,196,1522,Ladd McConkey,WR,2.82,0.7680000000000007,2.214967105263158,B,3.0,3.0,3.0,0.0,1
2026,197,1037,Brandin Cooks,WR,5.632857142857143,3.5808571428571434,2.164512365147249,B,9.142857142857142,3.0,1.0,-2.928571428571428,7
2026,198,1015,Allen Hurns,WR,2.34,0.2880000000000007,2.139967105263158,B,6.0,6.0,0.0,0.0,1
2026,199,1226,Josh Gordon,WR,2.34,0.2880000000000007,2.139967105263158,B,6.0,6.0,0.0,0.0,1
2026,200,1244,Keke Coutee,WR,2.34,0.2880000000000007,2.139967105263158,B,6.0,6.0,0.0,0.0,1
2026,201,1245,Kelvin Benjamin,WR,2.34,0.2880000000000007,2.139967105263158,B,6.0,6.0,0.0,0.0,1
2026,202,1078,Courtland Sutton,WR,4.72,2.6680000000000006,2.0243905746289634,B,7.6,2.0,1.0,-0.5675675675675677,5
2026,203,1002,A.J. Green,WR,12.329999999999998,10.277999999999999,1.999115129352597,B,27.0,27.0,0.0,-40.0,2
2026,204,1567,Tucker Kraft,RB,2.82,0.5209999999999999,1.9751436335403727,B,3.0,3.0,3.0,0.0,1
2026,205,1349,Ryan Fitzpatrick,QB,2.07,-0.274,1.959131838032011,B,4.5,4.5,0.0,7.0,2
2026,206,1030,Baker Mayfield,QB,3.63,1.286,1.9445988498029498,B,4.2,4.0,3.0,-0.18421052631578952,5
2026,207,1219,Jordan Howard,RB,9.0,6.7010000000000005,1.9228194736294135,B,18.0,13.0,0.0,-19.5,3
2026,208,1242,Kareem Hunt,RB,2.92,0.621,1.9047214391543177,B,7.333333333333333,8.0,0.0,0.7142857142857143,3
2026,209,1148,Gerald Everett,TE,1.8800000000000001,0.7775000000000001,1.9045483193277313,B,2.0,2.0,2.0,0.0,1
2026,210,1625,Brock Bowers,TE,1.8800000000000001,0.7775000000000001,1.9045483193277313,B,2.0,2.0,2.0,0.0,1
2026,211,1144,Gardner Minshew,QB,1.95,-0.3939999999999999,1.9035574776785715,B,5.0,5.0,0.0,0.0,1
2026,212,1274,Mark Ingram,RB,5.88,3.581,1.8979878699463222,B,13.0,13.0,0.0,-9.0,2
2026,213,1393,Tyler Lockett,WR,4.734999999999999,2.6830000000000003,1.8491623503298604,B,6.4,4.0,2.5,-2.8604651162790695,5
2026,214,1223,Jordy Nelson,WR,1.95,-0.1019999999999992,1.814967105263158,B,5.0,5.0,0.0,0.0,1
2026,215,1217,Jonnu Smith,TE,2.966666666666667,1.8641666666666667,1.8121480170313906,B,3.2,2.0,2.6666666666666665,-0.2093023255813953,5
2026,216,1323,Eagles D/ST,DEF,2.335,1.335,1.8106950793469714,B,2.0,1.0,2.5,0.34615384615384615,3
2026,217,1022,Andrew Luck,QB,2.19,-0.15399999999999991,1.8018439153054764,B,5.5,5.5,0.0,1.0,2
2026,218,1086,Dallas Cowboys,DEF,2.243333333333333,1.2433333333333332,1.7786268276792176,B,2.0,1.5,2.3333333333333335,0.2,4
2026,219,1287,Matt Ryan,QB,3.3,0.956,1.7702881964969697,B,6.8,4.0,0.0,0.6999999999999998,5
2026,220,1404,Zach Ertz,TE,4.619999999999999,3.517499999999999,1.730952618481306,B,8.5,5.0,0.0,-4.514285714285714,4
2026,221,2139,Cam Skattebo,UNK,1.8800000000000001,0.0,1.6500000000000001,B,2.0,2.0,2.0,0.0,1
2026,222,2168,Jaxson Dart,UNK,1.8800000000000001,0.0,1.6500000000000001,B,2.0,2.0,2.0,0.0,1
2026,223,1118,Desmond Ridder,QB,1.8800000000000001,-0.46399999999999975,1.6285574776785716,B,2.0,2.0,2.0,0.0,1
2026,224,1218,Jordan Addison,WR,2.5366666666666666,0.48466666666666747,1.6239417014787192,B,2.6666666666666665,3.0,2.6666666666666665,0.0,3
2026,225,1398,Washington Commanders,K,1.0,0.0,1.5971153846153847,B,1.0,1.0,1.0,0.0,2
2026,226,1371,Teddy Bridgewater,QB,1.56,-0.7839999999999998,1.5785574776785714,B,4.0,4.0,0.0,0.0,1
2026,227,1386,Trey Lance,QB,1.56,-0.7839999999999998,1.5785574776785714,B,4.0,4.0,0.0,0.0,1
2026,228,1396,Tyrod Taylor,QB,1.56,-0.7839999999999998,1.5785574776785714,B,4.0,4.0,0.0,0.0,1
2026,229,1387,Trey Sermon,RB,1.95,-0.349,1.5751436335403728,B,5.0,5.0,0.0,0.0,1
2026,230,1170,Isiah Pacheco,RB,3.175,0.8759999999999999,1.569881528618308,B,2.6666666666666665,2.0,3.5,1.3571428571428574,3
2026,231,1253,Khalil Herbert,RB,2.6700000000000004,0.37100000000000044,1.5484300711672776,B,2.5,2.5,3.0,1.0,2
2026,232,1070,Cleveland Browns,DEF,1.0,0.0,1.542746598639456,B,1.0,1.0,1.0,0.0,2
2026,233,1112,Broncos D/ST,DEF,1.0,0.0,1.542746598639456,B,1.0,1.0,1.0,0.0,4
2026,234,1153,Green Bay Packers,DEF,1.0,0.0,1.542746598639456,B,1.0,1.0,1.0,0.0,2
2026,235,1162,Houston Texans,DEF,1.0,0.0,1.542746598639456,B,1.0,1.0,1.0,0.0,3
2026,236,1241,Chiefs D/ST,DEF,1.0,0.0,1.542746598639456,B,1.0,1.0,1.0,0.0,3
2026,237,1292,Dolphins D/ST,DEF,1.0,0.0,1.542746598639456,B,1.0,1.0,1.0,0.0,5
2026,238,1309,New England Patriots,DEF,1.0,0.0,1.542746598639456,B,1.0,1.0,1.0,0.0,7
2026,239,1311,Jets D/ST,DEF,1.0,0.0,1.542746598639456,B,1.0,1.0,1.0,0.0,2
2026,240,1327,Pittsburgh Steelers,DEF,1.0,0.0,1.542746598639456,B,1.0,1.0,1.0,0.0,5
2026,241,1358,Seahawks D/ST,DEF,1.0,0.0,1.542746598639456,B,1.0,1.0,1.0,0.0,4
2026,242,1418,Arizona Cardinals,DEF,1.0,0.0,1.542746598639456,B,1.0,1.0,1.0,0.0,1
2026,243,1454,Detroit Lions,DEF,1.0,0.0,1.542746598639456,B,1.0,1.0,1.0,0.0,1
2026,244,1329,Quentin Johnston,WR,1.8800000000000001,-0.17199999999999904,1.539967105263158,B,2.0,2.0,2.0,0.0,1
2026,245,1256,Kyle Rudolph,TE,1.17,0.0674999999999999,1.529548319327731,B,3.0,3.0,0.0,0.0,1
2026,246,1188,James Robinson,RB,2.28,-0.019000000000000128,1.5080208745574137,B,5.5,5.5,0.0,3.0,2
2026,247,1370,Taywan Taylor,WR,1.56,-0.4919999999999991,1.489967105263158,B,4.0,4.0,0.0,0.0,1
2026,248,1319,Pat Freiermuth,TE,1.73,0.6275,1.477834756954636,B,1.5,1.5,2.0,1.0,2
2026,249,1031,Baltimore Ravens,DEF,1.341904761904762,0.34190476190476193,1.4529359953877332,B,1.4285714285714286,1.0,1.3333333333333333,0.017123287671232883,7
2026,250,1045,Bills D/ST,DEF,1.5723809523809524,0.5723809523809524,1.4491504865011573,B,1.2857142857142858,1.0,1.6666666666666667,0.07142857142857142,7
2026,251,1207,Jimmy Garoppolo,QB,2.4200000000000004,0.07600000000000051,1.4093257594829929,B,1.6666666666666667,1.0,3.0,0.5,3
2026,252,1490,Jauan Jennings,RB,2.485,0.18599999999999994,1.4080208745574136,B,2.5,2.5,2.5,3.0,2
2026,253,1403,Zach Charbonnet,RB,3.4250000000000007,1.1260000000000008,1.4080208745574128,B,3.5,3.5,3.5,-1.5,2
2026,254,1098,Darnell Mooney,WR,2.52,0.46800000000000086,1.4041806676362532,B,2.0,2.0,3.0,0.6666666666666666,2
2026,255,1067,Christian Kirk,WR,2.9400000000000004,0.8880000000000012,1.3963868179120635,B,2.5,2.0,3.0,-0.029411764705882353,6
2026,256,1099,Darrell Henderson,RB,3.8249999999999997,1.5259999999999998,1.3485711839423518,B,6.75,3.0,0.0,0.7,4
2026,257,1122,Devin Singletary,RB,4.58,2.281,1.3410763967669648,B,5.6,2.0,2.0,-1.5945945945945947,5
2026,258,1089,Dalton Schultz,TE,3.0199999999999996,1.9174999999999995,1.3285575570675272,B,4.0,2.0,2.0,-3.0,3
2026,259,1195,Jarvis Landry,WR,5.145,3.0930000000000004,1.3256916708197548,B,8.75,3.0,0.0,-5.2,4
2026,260,1268,Los Angeles Rams,DEF,1.15,0.1499999999999999,1.3038572307749328,B,1.4,1.0,1.0,-0.1,5
2026,261,1119,Deuce Vaughn,RB,1.8800000000000001,-0.4189999999999998,1.3001436335403729,B,2.0,2.0,2.0,0.0,1
2026,262,1432,Bucky Irving,RB,1.8800000000000001,-0.4189999999999998,1.3001436335403729,B,2.0,2.0,2.0,0.0,1
2026,263,1304,Minnesota Vikings,DEF,1.105,0.10499999999999998,1.2777322308233636,B,1.25,1.0,1.0,-0.08620689655172414,4
2026,264,1190,James White,RB,3.3699999999999997,1.0709999999999997,1.2715664973781884,B,7.333333333333333,6.0,0.0,-1.5,3
2026,265,1493,Jayden Reed,QB,4.03,1.6860000000000004,1.2693010475091175,B,4.0,4.0,4.0,-6.0,2
2026,266,1134,Drew Lock,QB,1.17,-1.174,1.2535574776785714,B,3.0,3.0,0.0,0.0,1
2026,267,1278,Hollywood Brown,WR,3.515,1.463000000000001,1.2523547176113683,B,4.166666666666667,1.5,1.5,0.2571428571428571,6
2026,268,1083,D'Onta Foreman,RB,1.56,-0.7389999999999999,1.2501436335403726,B,4.0,4.0,0.0,0.0,1
2026,269,1125,Devontae Booker,RB,1.56,-0.7389999999999999,1.2501436335403726,B,4.0,4.0,0.0,0.0,1
2026,270,1407,Zay Flowers,WR,2.8066666666666666,0.7546666666666675,1.24725137971063,B,2.6666666666666665,1.0,2.6666666666666665,0.0,3
2026,271,1007,Adam Vinatieri,K,1.0,0.0,1.2471153846153846,B,1.0,1.0,0.0,0.0,1
2026,272,1040,Brett Maher,K,1.0,0.0,1.2471153846153846,B,1.0,1.0,0.0,0.0,1
2026,273,1054,Carolina Panthers,K,1.0,0.0,1.2471153846153846,B,1.0,1.0,0.0,0.0,1
2026,274,1072,Cody Parkey,K,1.0,0.0,1.2471153846153846,B,1.0,1.0,0.0,0.0,1
2026,275,1094,Dan Bailey,K,1.0,0.0,1.2471153846153846,B,1.0,1.0,0.0,0.0,1
2026,276,1152,Graham Gano,K,1.0,0.0,1.2471153846153846,B,1.0,1.0,0.0,0.0,1
2026,277,1156,Greg Zuerlein,K,1.0,0.0,1.2471153846153846,B,1.0,1.0,0.0,0.0,2
2026,278,1158,Harrison Butker,K,1.0,0.0,1.2471153846153846,B,1.0,1.0,0.0,0.0,2
2026,279,1165,Colts D/ST,K,1.0,0.0,1.2471153846153846,B,1.0,1.0,0.0,0.0,3
2026,280,1178,Jake Elliott,K,1.0,0.0,1.2471153846153846,B,1.0,1.0,0.0,0.0,1
2026,281,1196,Jason Myers,K,1.0,0.0,1.2471153846153846,B,1.0,1.0,0.0,0.0,1
2026,282,1197,Jason Sanders,K,1.0,0.0,1.2471153846153846,B,1.0,1.0,0.0,0.0,1
2026,283,1236,Justin Tucker,K,1.0,0.0,1.2471153846153846,B,1.0,1.0,0.0,0.0,2
2026,284,1238,Ka'imi Fairbairn,K,1.0,0.0,1.2471153846153846,B,1.0,1.0,0.0,0.0,1
2026,285,1267,Chargers D/ST,K,1.0,0.0,1.2471153846153846,B,1.0,1.0,0.0,0.0,2
2026,286,1283,Mason Crosby,K,1.0,0.0,1.2471153846153846,B,1.0,1.0,0.0,0.0,1
2026,287,1285,Matt Bryant,K,1.0,0.0,1.2471153846153846,B,1.0,1.0,0.0,0.0,1
2026,288,1286,Matt Prater,K,1.0,0.0,1.2471153846153846,B,1.0,1.0,0.0,0.0,1
2026,289,1310,New Orleans Saints,K,1.0,0.0,1.2471153846153846,B,1.0,1.0,0.0,0.0,4
2026,290,1339,Robbie Gould,K,1.0,0.0,1.2471153846153846,B,1.0,1.0,0.0,0.0,2
2026,291,1362,Stephen Gostkowski,K,1.0,0.0,1.2471153846153846,B,1.0,1.0,0.0,0.0,2
2026,292,1366,Buccaneers D/ST,K,1.0,0.0,1.2471153846153846,B,1.0,1.0,0.0,0.0,2
2026,293,1373,Tennessee Titans,K,1.0,0.0,1.2471153846153846,B,1.0,1.0,0.0,0.0,3
2026,294,1073,Cole Kmet,TE,1.0,-0.10250000000000004,1.2295483193277312,C,1.0,1.0,1.0,0.0,2
2026,295,1154,Greg Dulcich,TE,1.0,-0.10250000000000004,1.2295483193277312,C,1.0,1.0,1.0,0.0,1
2026,296,1237,Juwan Johnson,TE,1.0,-0.10250000000000004,1.2295483193277312,C,1.0,1.0,1.0,0.0,1
2026,297,1369,Taysom Hill,TE,1.0,-0.10250000000000004,1.2295483193277312,C,1.0,1.0,1.0,0.0,2
2026,298,1526,Luke Musgrave,TE,1.0,-0.10250000000000004,1.2295483193277312,C,1.0,1.0,1.0,0.0,1
2026,299,1392,Tyler Higbee,TE,2.29,1.1875,1.2216973473623058,C,4.0,5.0,1.0,-1.7142857142857144,3
2026,300,1135,Duke Johnson,RB,3.3,1.001,1.211347508504114,C,8.0,8.0,0.0,-4.0,2
2026,301,1350,Ryan Tannehill,QB,3.0100000000000002,0.6660000000000004,1.2089663331103984,C,5.5,6.0,1.0,-2.8,4
2026,302,1029,Austin Hooper,TE,1.0,-0.10250000000000004,1.204548319327731,C,2.0,2.0,0.0,0.0,1
2026,303,1160,Hayden Hurst,TE,1.0,-0.10250000000000004,1.204548319327731,C,2.0,2.0,0.0,0.0,1
2026,304,1032,Ben Roethlisberger,QB,2.565,0.22100000000000009,1.2019267755603316,C,5.25,4.0,0.0,0.1,4
2026,305,1367,Tank Bigsby,RB,2.485,0.18599999999999994,1.1830208745574136,C,2.5,2.5,2.5,1.5,2
2026,306,1175,Jacksonville Jaguars,DEF,1.27,0.27,1.170631214024071,C,1.5,1.0,1.0,-0.23076923076923078,4
2026,307,1023,Andy Isabella,WR,1.17,-0.8819999999999992,1.164967105263158,C,3.0,3.0,0.0,0.0,1
2026,308,1084,DaeSean Hamilton,WR,1.17,-0.8819999999999992,1.164967105263158,C,3.0,3.0,0.0,0.0,1
2026,309,1400,Wil Lutz,K,1.0,0.0,1.1454018222422897,C,1.5,1.5,0.0,1.0,2
2026,310,1143,Gabe Davis,WR,1.73,-0.3219999999999992,1.1132535428900627,C,1.5,1.5,2.0,1.0,2
2026,311,1252,Kerryon Johnson,RB,3.4799999999999995,1.1809999999999996,1.1003647383627073,C,8.0,8.0,0.0,-4.0,2
2026,312,1355,Sammy Watkins,WR,1.7999999999999998,-0.25199999999999934,1.0882535428900628,C,4.5,4.5,0.0,-1.0,2
2026,313,1009,A.J. Dillon,RB,2.73,0.43100000000000005,1.0457502083377401,C,3.3333333333333335,2.0,2.0,0.5,3
2026,314,1077,Corey Davis,WR,3.6399999999999997,1.5880000000000005,1.0016443573510934,C,7.333333333333333,5.0,0.0,-4.571428571428573,3
2026,315,1621,Brenton Strange,UNK,1.0,-0.8800000000000001,0.9750000000000001,C,1.0,1.0,1.0,0.0,1
2026,316,2144,Colston Loveland,UNK,1.0,-0.8800000000000001,0.9750000000000001,C,1.0,1.0,1.0,0.0,1
2026,317,2163,Jacory Croskey-Merritt,UNK,1.0,-0.8800000000000001,0.9750000000000001,C,1.0,1.0,1.0,0.0,1
2026,318,2169,Jayden Higgins,UNK,1.0,-0.8800000000000001,0.9750000000000001,C,1.0,1.0,1.0,0.0,1
2026,319,2203,Quinshon Judkins,UNK,1.0,-0.8800000000000001,0.9750000000000001,C,1.0,1.0,1.0,0.0,1
2026,320,2208,Shedeur Sanders,UNK,1.0,-0.8800000000000001,0.9750000000000001,C,1.0,1.0,1.0,0.0,1
2026,321,2233,Tyler Shough,UNK,1.0,-0.8800000000000001,0.9750000000000001,C,1.0,1.0,1.0,0.0,1
2026,322,1352,Sam Howell,QB,1.0,-1.3439999999999999,0.9535574776785715,C,1.0,1.0,1.0,0.0,1
2026,323,1461,Drake Maye,QB,1.0,-1.3439999999999999,0.9535574776785715,C,1.0,1.0,1.0,0.0,1
2026,324,1503,Josh Downs,QB,1.0,-1.3439999999999999,0.9535574776785715,C,1.0,1.0,1.0,0.0,1
2026,325,1034,Blake Bortles,QB,1.0,-1.3439999999999999,0.9285574776785714,C,2.0,2.0,0.0,0.0,1
2026,326,1036,Boston Scott,RB,1.17,-1.129,0.9251436335403729,C,3.0,3.0,0.0,0.0,1
2026,327,1322,Peyton Barber,RB,1.17,-1.129,0.9251436335403729,C,3.0,3.0,0.0,0.0,1
2026,328,1302,Mike Williams,WR,2.995,0.943000000000001,0.9222371880291725,C,4.25,1.5,1.0,-0.9661016949152542,4
2026,329,1360,Sony Michel,RB,3.27,0.9710000000000001,0.9180007763975155,C,7.0,7.0,0.0,-3.0,3
2026,330,1192,Jamison Crowder,WR,3.9899999999999998,1.9380000000000006,0.9136249682030522,C,8.5,8.5,0.0,-7.5,2
2026,331,1185,Jameis Winston,QB,1.5899999999999999,-0.754,0.886538686890114,C,3.5,3.5,0.0,1.6666666666666667,2
2026,332,1401,Will Fuller,WR,2.145,0.09300000000000086,0.8844313909774437,C,4.75,4.5,0.0,-0.9,4
2026,333,1340,Robby Anderson,WR,2.5,0.44800000000000084,0.8812595405719359,C,5.333333333333333,4.0,0.0,-1.5714285714285716,3
2026,334,1006,Adam Trautman,TE,1.0,-0.10250000000000004,0.8795483193277311,C,1.0,1.0,0.0,0.0,1
2026,335,1010,Albert Okwuegbunam,TE,1.0,-0.10250000000000004,0.8795483193277311,C,1.0,1.0,0.0,0.0,1
2026,336,1035,Blake Jarwin,TE,1.0,-0.10250000000000004,0.8795483193277311,C,1.0,1.0,0.0,0.0,1
2026,337,1057,Charles Clay,TE,1.0,-0.10250000000000004,0.8795483193277311,C,1.0,1.0,0.0,0.0,1
2026,338,1139,Eric Ebron,TE,1.0,-0.10250000000000004,0.8795483193277311,C,1.0,1.0,0.0,0.0,1
2026,339,1164,Ian Thomas,TE,1.0,-0.10250000000000004,0.8795483193277311,C,1.0,1.0,0.0,0.0,1
2026,340,1166,Irv Smith Jr,TE,1.0,-0.10250000000000004,0.8795483193277311,C,1.0,1.0,0.0,0.0,2
2026,341,1266,Logan Thomas,TE,1.0,-0.10250000000000004,0.8795483193277311,C,1.0,1.0,0.0,0.0,1
2026,342,1385,Trey Burton,TE,1.0,-0.10250000000000004,0.8795483193277311,C,1.0,1.0,0.0,0.0,2
2026,343,1517,Khalil Shakir,WR,3.0,0.9480000000000008,0.8761709802268992,C,3.0,3.0,3.0,-4.0,2
2026,344,1246,Kenneth Gainwell,RB,1.73,-0.569,0.8734300711672774,C,1.5,1.5,2.0,1.0,2
2026,345,1097,Darius Slayton,WR,1.0,-1.0519999999999992,0.864967105263158,C,1.0,1.0,1.0,0.0,2
2026,346,1191,Jameson Williams,WR,1.0,-1.0519999999999992,0.864967105263158,C,1.0,1.0,1.0,0.0,1
2026,347,1214,Jonathan Mingo,WR,1.0,-1.0519999999999992,0.864967105263158,C,1.0,1.0,1.0,0.0,1
2026,348,1289,Mecole Def,WR,1.0,-1.0519999999999992,0.864967105263158,C,1.0,1.0,1.0,0.0,1
2026,349,1334,Rashod Bateman,WR,1.0,-1.0519999999999992,0.864967105263158,C,1.0,1.0,1.0,0.0,1
2026,350,1343,Romeo Doubs,WR,1.0,-1.0519999999999992,0.864967105263158,C,1.0,1.0,1.0,0.0,1
2026,351,1345,Rondale Moore,WR,1.0,-1.0519999999999992,0.864967105263158,C,1.0,1.0,1.0,0.0,1
2026,352,1388,Treylon Burks,WR,1.0,-1.0519999999999992,0.864967105263158,C,1.0,1.0,1.0,0.0,2
2026,353,1430,Brian Thomas Jr.,WR,1.0,-1.0519999999999992,0.864967105263158,C,1.0,1.0,1.0,0.0,1
2026,354,1465,Elijah Mitchell,WR,1.0,-1.0519999999999992,0.864967105263158,C,1.0,1.0,1.0,0.0,2
2026,355,1532,Marvin Mims Jr.,WR,1.0,-1.0519999999999992,0.864967105263158,C,1.0,1.0,1.0,0.0,1
2026,356,1572,Tyler Allgeier,WR,1.0,-1.0519999999999992,0.864967105263158,C,1.0,1.0,1.0,0.0,1
2026,357,1060,Bears D/ST,K,1.0,0.0,0.8454018222422895,C,1.5,1.5,0.0,-1.0,2
2026,358,1181,Jalen Hurd,WR,1.0,-1.0519999999999992,0.8399671052631579,C,2.0,2.0,0.0,0.0,1
2026,359,1262,Laviska Shenault,WR,1.0,-1.0519999999999992,0.8399671052631579,C,2.0,2.0,0.0,0.0,1
2026,360,1308,Nelson Agholor,WR,1.0,-1.0519999999999992,0.8399671052631579,C,2.0,2.0,0.0,0.0,1
2026,361,1270,Mac Jones,QB,2.08,-0.2639999999999998,0.8275667154183675,C,3.0,1.0,1.0,0.0,3
2026,362,1126,Dion Lewis,RB,4.35,2.0509999999999997,0.8240429766396681,C,10.0,10.0,0.0,-10.0,2
2026,363,1095,Daniel Jones,QB,1.71,-0.6339999999999999,0.7985603757765056,C,2.6666666666666665,3.0,1.0,-0.6153846153846154,3
2026,364,1051,Cam Newton,QB,1.54,-0.8039999999999998,0.7962554632163268,C,3.3333333333333335,3.0,0.0,1.0,3
2026,365,1180,Jakobi Meyers,WR,2.075,0.02300000000000102,0.7882764289125215,C,2.6666666666666665,2.0,1.5,-0.7857142857142858,3
2026,366,1549,Rico Dowdle,RB,3.5150000000000006,1.2160000000000006,0.7831248427519147,C,3.5,3.5,3.5,-5.0,2
2026,367,1563,Trey Benson,QB,1.9700000000000002,-0.37399999999999967,0.7427710400516665,C,2.0,2.0,2.0,-2.0,2
2026,368,1301,Mike Gesicki,TE,1.035,-0.06750000000000012,0.6986554621848742,C,2.25,2.0,0.0,0.08571428571428572,4
2026,369,1295,Michael Gallup,WR,2.76,0.7080000000000006,0.6925549256822598,C,4.4,1.0,0.0,-0.4,5
2026,370,1193,Jared Cook,TE,1.3399999999999999,0.23749999999999982,0.6784992604418699,C,2.6666666666666665,1.0,0.0,0.0,3
2026,371,1333,Rashaad Penny,RB,2.94,0.641,0.6597631922411435,C,4.666666666666667,2.0,1.0,-2.0714285714285716,3
2026,372,1184,Jamaal Williams,RB,2.7899999999999996,0.49099999999999966,0.6490429766396681,C,6.0,6.0,0.0,-2.5,2
2026,373,1016,Allen Lazard,WR,1.7,-0.3519999999999992,0.6433270607055965,C,2.3333333333333335,1.0,1.0,0.2857142857142858,3
2026,374,1157,Gus Edwards,RB,1.0,-1.299,0.6251436335403728,C,1.0,1.0,1.0,0.0,3
2026,375,1159,Hassan Haskins,RB,1.0,-1.299,0.6251436335403728,C,1.0,1.0,1.0,0.0,1
2026,376,1228,Joshua Kelley,RB,1.0,-1.299,0.6251436335403728,C,1.0,1.0,1.0,0.0,1
2026,377,1422,Blake Corum,RB,1.0,-1.299,0.6251436335403728,C,1.0,1.0,1.0,0.0,1
2026,378,1425,Braelon Allen,RB,1.0,-1.299,0.6251436335403728,C,1.0,1.0,1.0,0.0,2
2026,379,1531,MarShawn Lloyd,RB,1.0,-1.299,0.6251436335403728,C,1.0,1.0,1.0,0.0,1
2026,380,1569,Ty Chandler,RB,1.0,-1.299,0.6251436335403728,C,1.0,1.0,1.0,0.0,1
2026,381,1314,Noah Fant,TE,1.0,-0.10250000000000004,0.6218562488766258,D,1.3333333333333333,1.0,0.0,0.0,3
2026,382,1013,Alex Smith,QB,1.0,-1.3439999999999999,0.6035574776785714,D,1.0,1.0,0.0,0.0,1
2026,383,1305,Mitchell Trubisky,QB,1.0,-1.3439999999999999,0.6035574776785714,D,1.0,1.0,0.0,0.0,1
2026,384,1075,Cordarrelle Patterson,RB,1.0,-1.299,0.6001436335403728,D,2.0,2.0,0.0,0.0,1
2026,385,1171,J.D. McKissic,RB,1.0,-1.299,0.6001436335403728,D,2.0,2.0,0.0,0.0,1
2026,386,1212,John Kelly,RB,1.0,-1.299,0.6001436335403728,D,2.0,2.0,0.0,0.0,1
2026,387,1234,Justin Jackson,RB,1.0,-1.299,0.6001436335403728,D,2.0,2.0,0.0,0.0,1
2026,388,1240,Kalen Ballage,RB,1.0,-1.299,0.6001436335403728,D,2.0,2.0,0.0,0.0,1
2026,389,1275,Marlon Mack,RB,3.75,1.451,0.5918910040209053,D,8.0,8.0,0.0,-7.0,2
2026,390,1137,Elijah Moore,WR,1.5099999999999998,-0.5419999999999994,0.5559925090475966,D,2.0,1.0,1.0,0.0,3
2026,391,1011,Albert Wilson,WR,1.0,-1.0519999999999992,0.5149671052631579,D,1.0,1.0,0.0,0.0,1
2026,392,1046,Byron Pringle,WR,1.0,-1.0519999999999992,0.5149671052631579,D,1.0,1.0,0.0,0.0,1
2026,393,1052,Cameron Meredith,WR,1.0,-1.0519999999999992,0.5149671052631579,D,1.0,1.0,0.0,0.0,1
2026,394,1104,David Moore,WR,1.0,-1.0519999999999992,0.5149671052631579,D,1.0,1.0,0.0,0.0,1
2026,395,1116,DeSean Jackson,WR,1.0,-1.0519999999999992,0.5149671052631579,D,1.0,1.0,0.0,0.0,2
2026,396,1129,Donte Moncrief,WR,1.0,-1.0519999999999992,0.5149671052631579,D,1.0,1.0,0.0,0.0,1
2026,397,1149,Geronimo Allison,WR,1.0,-1.0519999999999992,0.5149671052631579,D,1.0,1.0,0.0,0.0,1
2026,398,1179,Jake Kumerow,WR,1.0,-1.0519999999999992,0.5149671052631579,D,1.0,1.0,0.0,0.0,1
2026,399,1183,Jalen Reagor,WR,1.0,-1.0519999999999992,0.5149671052631579,D,1.0,1.0,0.0,0.0,1
2026,400,1189,James Washington,WR,1.0,-1.0519999999999992,0.5149671052631579,D,1.0,1.0,0.0,0.0,1
2026,401,1213,John Ross,WR,1.0,-1.0519999999999992,0.5149671052631579,D,1.0,1.0,0.0,0.0,1
2026,402,1225,Josh Doctson,WR,1.0,-1.0519999999999992,0.5149671052631579,D,1.0,1.0,0.0,0.0,1
2026,403,1276,Marqise Lee,WR,1.0,-1.0519999999999992,0.5149671052631579,D,1.0,1.0,0.0,0.0,1
2026,404,1281,Martavis Bryant,WR,1.0,-1.0519999999999992,0.5149671052631579,D,1.0,1.0,0.0,0.0,1
2026,405,1306,N'Keal Harry,WR,1.0,-1.0519999999999992,0.5149671052631579,D,1.0,1.0,0.0,0.0,2
2026,406,1321,Paul Richardson,WR,1.0,-1.0519999999999992,0.5149671052631579,D,1.0,1.0,0.0,0.0,1
2026,407,1337,Rishard Matthews,WR,1.0,-1.0519999999999992,0.5149671052631579,D,1.0,1.0,0.0,0.0,1
2026,408,1347,Russell Gage,WR,1.0,-1.0519999999999992,0.5149671052631579,D,1.0,1.0,0.0,0.0,1
2026,409,1382,Tre'Quan Smith,WR,1.0,-1.0519999999999992,0.5149671052631579,D,1.0,1.0,0.0,0.0,1
2026,410,1383,Trent Taylor,WR,1.0,-1.0519999999999992,0.5149671052631579,D,1.0,1.0,0.0,0.0,1
2026,411,1395,Tyrell Williams,WR,1.0,-1.0519999999999992,0.5149671052631579,D,1.0,1.0,0.0,0.0,1
2026,412,1093,Damien Harris,RB,2.0999999999999996,-0.1990000000000003,0.5079626827653532,D,4.0,1.0,0.0,0.6428571428571429,3
2026,413,1375,Tevin Coleman,RB,3.4799999999999995,1.1809999999999996,0.5003647383627077,D,8.0,8.0,0.0,-8.0,2
2026,414,1163,Hunter Henry,TE,1.3499999999999999,0.24749999999999983,0.49075219429147265,D,3.0,3.0,0.0,-2.0,2
2026,415,1406,Zack Moss,RB,2.37,0.07100000000000017,0.48729417903551464,D,3.6666666666666665,2.0,1.0,-1.4230769230769231,3
2026,416,1344,Ronald Jones,RB,2.6399999999999997,0.34099999999999975,0.4773903065161166,D,5.5,5.0,0.0,-2.8,4
2026,417,1332,Randall Cobb,WR,2.07,0.018000000000000682,0.47054146561659754,D,4.5,4.5,0.0,-2.3333333333333335,2
2026,418,1211,John Brown,WR,1.0,-1.0519999999999992,0.44060836814538595,D,1.6666666666666667,2.0,0.0,0.5,3
2026,419,1324,Philip Rivers,QB,1.0,-1.3439999999999999,0.4343257594829927,D,1.6666666666666667,1.0,0.0,1.0,3
2026,420,1120,DeVante Parker,WR,1.8599999999999999,-0.19199999999999928,0.4249839511246002,D,3.5,2.0,0.0,-0.7428571428571429,4
2026,421,1494,Jaylen Warren,RB,1.9700000000000002,-0.32899999999999974,0.41435719591346787,D,2.0,2.0,2.0,-2.0,2
2026,422,1080,D.J. Chark,WR,3.16,1.108000000000001,0.40139292283665406,D,6.333333333333333,4.0,0.0,-6.5,3
2026,423,1282,Marvin Jones,WR,3.0149999999999997,0.9630000000000005,0.372747176431948,D,5.25,2.0,0.0,-4.3,4
2026,424,1391,Tyler Boyd,WR,2.4,0.34800000000000075,0.31909589001095007,D,5.0,4.0,0.0,-4.5,3
2026,425,1205,Jerick McKinnon,RB,1.0,-1.299,0.314357195913468,D,2.0,2.0,0.0,2.0,2
2026,426,1272,Marcus Mariota,QB,1.0,-1.3439999999999999,0.31434391530547645,D,1.5,1.5,0.0,-0.25,2
2026,427,1079,Curtis Samuel,WR,2.07,0.018000000000000682,0.2955414656165976,D,4.5,4.5,0.0,-3.5,2
2026,428,1014,Alexander Mattison,RB,1.8399999999999999,-0.4590000000000001,0.2813413057970655,D,2.5,1.5,1.0,-0.847457627118644,4
2026,429,1363,Sterling Shepard,WR,1.54,-0.5119999999999991,0.27546991784845365,D,3.3333333333333335,2.0,0.0,-2.0,3
2026,430,1043,Bryce Love,RB,1.0,-1.299,0.27514363354037275,D,1.0,1.0,0.0,0.0,1
2026,431,1091,Damarea Crockett,RB,1.0,-1.299,0.27514363354037275,D,1.0,1.0,0.0,0.0,1
2026,432,1131,Doug Martin,RB,1.0,-1.299,0.27514363354037275,D,1.0,1.0,0.0,0.0,1
2026,433,1136,Elijah McGuire,RB,1.0,-1.299,0.27514363354037275,D,1.0,1.0,0.0,0.0,2
2026,434,1142,Frank Gore,RB,1.0,-1.299,0.27514363354037275,D,1.0,1.0,0.0,0.0,2
2026,435,1150,Giovani Bernard,RB,1.0,-1.299,0.27514363354037275,D,1.0,1.0,0.0,0.0,1
2026,436,1169,Isaiah Spiller,RB,1.0,-1.299,0.27514363354037275,D,1.0,1.0,0.0,0.0,1
2026,437,1199,Javorius Allen,RB,1.0,-1.299,0.27514363354037275,D,1.0,1.0,0.0,0.0,1
2026,438,1204,Jeremy Hill,RB,1.0,-1.299,0.27514363354037275,D,1.0,1.0,0.0,0.0,1
2026,439,1215,Jonathan Stewart,RB,1.0,-1.299,0.27514363354037275,D,1.0,1.0,0.0,0.0,1
2026,440,1222,Jordan Wilkins,RB,1.0,-1.299,0.27514363354037275,D,1.0,1.0,0.0,0.0,1
2026,441,1251,Kenyan Drake,RB,1.0,-1.299,0.27514363354037275,D,1.0,1.0,0.0,0.0,2
2026,442,1261,Latavius Murray,RB,1.0,-1.299,0.27514363354037275,D,1.0,1.0,0.0,0.0,2
2026,443,1269,Lynn Bowden,RB,1.0,-1.299,0.27514363354037275,D,1.0,1.0,0.0,0.0,1
2026,444,1271,Malcolm Brown,RB,1.0,-1.299,0.27514363354037275,D,1.0,1.0,0.0,0.0,1
2026,445,1298,Mike Boone,RB,1.0,-1.299,0.27514363354037275,D,1.0,1.0,0.0,0.0,1
2026,446,1376,Theo Riddick,RB,1.0,-1.299,0.27514363354037275,D,1.0,1.0,0.0,0.0,1
2026,447,1390,Ty Montgomery,RB,1.0,-1.299,0.27514363354037275,D,1.0,1.0,0.0,0.0,1
2026,448,1402,Xavier Jones,RB,1.0,-1.299,0.27514363354037275,D,1.0,1.0,0.0,0.0,1
2026,449,1138,Emmanuel Sanders,WR,3.34,1.2880000000000007,0.2298364542254251,D,6.333333333333333,2.0,0.0,-7.5,3
2026,450,1055,Carson Wentz,QB,1.125,-1.2189999999999999,0.22047307068505828,D,2.25,1.5,0.0,-0.9,4
2026,451,1341,Robert Tonyan,TE,1.3499999999999999,0.24749999999999983,0.1907521942914726,D,3.0,3.0,0.0,-4.0,2
2026,452,1174,Jack Doyle,TE,1.5899999999999999,0.4874999999999998,0.16252952853927355,D,3.5,3.5,0.0,-5.0,2
2026,453,1277,Marquez Valdes-Scantling,WR,1.0,-1.0519999999999992,0.15418066763625304,D,2.0,2.0,0.0,-0.6666666666666666,2
2026,454,1151,Golden Tate,WR,3.4299999999999997,1.3780000000000006,0.14597954105144,D,6.333333333333333,1.0,0.0,-8.0,3
2026,455,1316,O.J. Howard,TE,1.83,0.7275,0.14529188915827743,D,4.0,4.0,0.0,-6.0,2
2026,456,1155,Greg Olsen,TE,2.55,1.4474999999999998,0.12784480111707122,D,5.5,5.5,0.0,-9.0,2
2026,457,1066,Chris Thompson,RB,2.31,0.01100000000000012,0.12536473836270756,D,5.0,5.0,0.0,-4.0,2
2026,458,1058,Chase Claypool,WR,1.0,-1.0519999999999992,0.11325354289006295,D,1.5,1.5,0.0,-1.0,2
2026,459,1318,Parris Campbell,WR,1.0,-1.0519999999999992,0.11325354289006295,D,1.5,1.5,0.0,-1.0,2
2026,460,1024,Anthony Miller,WR,1.0,-1.0519999999999992,0.04573538706757929,D,1.6666666666666667,1.0,0.0,-1.0,3
2026,461,1325,Phillip Lindsay,RB,2.3,0.0009999999999998899,0.04478417660951539,D,4.666666666666667,2.0,0.0,-4.0,3
2026,462,1260,Larry Fitzgerald,WR,8.549999999999999,6.497999999999999,-0.02009939289915963,D,18.0,18.0,0.0,-34.0,2
2026,463,1008,Adrian Peterson,RB,1.0,-1.299,-0.12656992883272233,D,1.5,1.5,0.0,-1.0,2
2026,464,1250,Kenny Stills,WR,1.1099999999999999,-0.9419999999999993,-0.12715565371980125,D,2.5,2.5,0.0,-3.0,2
2026,465,1368,Tarik Cohen,RB,3.42,1.121,-0.14843746573606376,D,7.5,7.5,0.0,-11.0,2
2026,466,1279,Marquise Goodwin,WR,3.75,1.6980000000000008,-0.21828552425630954,D,8.0,8.0,0.0,-14.0,2
2026,467,1161,Henry Ruggs,WR,2.31,0.2580000000000009,-0.23481178991450716,D,5.0,5.0,0.0,-8.0,2
2026,468,1121,Devin Funchess,WR,2.7899999999999996,0.7380000000000004,-0.2361335516375466,D,6.0,6.0,0.0,-10.0,2
2026,469,1290,Mecole Hardman,WR,2.55,0.49800000000000066,-0.23673641294750197,D,5.5,5.5,0.0,-9.0,2
2026,470,1047,C.J. Anderson,RB,1.0,-1.299,-0.2856428040865321,D,2.0,2.0,0.0,-2.0,2
2026,471,1053,Carlos Hyde,RB,1.1099999999999999,-1.189,-0.36697912544258643,D,2.5,2.5,0.0,-3.0,2
2026,472,1293,Michael Carter,RB,1.5899999999999999,-0.7090000000000001,-0.44187515724808496,D,3.5,3.5,0.0,-5.0,2
2026,473,1315,Nyheim Hines,RB,2.31,0.01100000000000012,-0.4746352616372924,D,5.0,5.0,0.0,-8.0,2
